{"cameraMode":{"drawMode":0,"name":"Shaded","section":"Shading Mode"},"sceneLighting":true,"audioPlay":false,"sceneViewState":{"m_AlwaysRefresh":false,"showFog":true,"showSkybox":true,"showFlares":true,"showImageEffects":true,"showParticleSystems":true,"showVisualEffectGraphs":true,"m_FxEnabled":true},"in2DMode":false,"pivot":{"x":-20.599775314331056,"y":-3.4675285816192629,"z":10.158596992492676},"rotation":{"x":-0.08434665203094483,"y":0.5609521269798279,"z":-0.057589203119277957,"w":-0.8215327858924866},"size":13.916626930236817,"orthographic":false}