{"cameraMode":{"drawMode":0,"name":"Shaded","section":"Shading Mode"},"sceneLighting":true,"audioPlay":false,"sceneViewState":{"m_AlwaysRefresh":false,"showFog":true,"showSkybox":true,"showFlares":true,"showImageEffects":true,"showParticleSystems":true,"showVisualEffectGraphs":true,"m_FxEnabled":true},"in2DMode":false,"pivot":{"x":-0.24770009517669679,"y":0.28563231229782107,"z":0.33771419525146487},"rotation":{"x":-0.07014413177967072,"y":0.13039571046829225,"z":-0.009245018474757672,"w":-0.9889426827430725},"size":2.334650993347168,"orthographic":false}