{"cameraMode":{"drawMode":0,"name":"Shaded","section":"Shading Mode"},"sceneLighting":true,"audioPlay":false,"sceneViewState":{"m_AlwaysRefresh":false,"showFog":true,"showSkybox":true,"showFlares":true,"showImageEffects":true,"showParticleSystems":true,"showVisualEffectGraphs":true,"m_FxEnabled":true},"in2DMode":false,"pivot":{"x":29.575000762939454,"y":2.0325000286102297,"z":-13.024999618530274},"rotation":{"x":-0.025807175785303117,"y":0.7440928220748901,"z":0.028814226388931276,"w":0.6669764518737793},"size":47.909400939941409,"orthographic":false}